input_theta1,input_x1,input_y1,input_theta0,input_index,output_v0,output_delta0
1.570796327,-0.1,0.15,1.570796327,0,,
1.562916186,-0.099943521,0.163862078,1.596801124,1,,
