input_index,input_x1,input_y1,input_theta0,input_theta1
0,-0.09999999999999987,0.15,1.5707963267948966,1.5707963267948966
0,-0.09999999999999987,0.17222222222222222,1.5707963267948966,1.5707963267948966
0,-0.09999999999999987,0.19444444444444445,1.5707963267948966,1.5707963267948966
0,-0.09999999999999987,0.21666666666666667,1.5707963267948966,1.5707963267948966
0,-0.09999999999999987,0.23888888888888887,1.5707963267948966,1.5707963267948966
